{"cameraMode":{"drawMode":0,"name":"Shaded","section":"Shading Mode"},"sceneLighting":true,"audioPlay":false,"sceneViewState":{"m_AlwaysRefresh":false,"showFog":true,"showSkybox":true,"showFlares":true,"showImageEffects":true,"showParticleSystems":true,"showVisualEffectGraphs":true,"m_FxEnabled":true},"in2DMode":false,"pivot":{"x":0.020441055297851564,"y":0.6382443904876709,"z":0.35570192337036135},"rotation":{"x":0.006988461595028639,"y":-0.977175235748291,"z":0.2098107486963272,"w":0.0325484462082386},"size":3.6997952461242677,"orthographic":false}