{"cameraMode":{"drawMode":0,"name":"Shaded","section":"Shading Mode"},"sceneLighting":true,"audioPlay":false,"sceneViewState":{"m_AlwaysRefresh":false,"showFog":true,"showSkybox":true,"showFlares":true,"showImageEffects":true,"showParticleSystems":true,"showVisualEffectGraphs":true,"m_FxEnabled":true},"in2DMode":false,"pivot":{"x":7.89479398727417,"y":1.3390833139419556,"z":1.5465278625488282},"rotation":{"x":-0.001489401562139392,"y":-0.9977859854698181,"z":0.023951444774866105,"w":-0.062043823301792148},"size":1.7514299154281617,"orthographic":true}