{"cameraMode":{"drawMode":0,"name":"Shaded","section":"Shading Mode"},"sceneLighting":true,"audioPlay":false,"sceneViewState":{"m_AlwaysRefresh":false,"showFog":true,"showSkybox":true,"showFlares":true,"showImageEffects":true,"showParticleSystems":true,"showVisualEffectGraphs":true,"m_FxEnabled":true},"in2DMode":false,"pivot":{"x":-3.2065162658691408,"y":1.9054155349731446,"z":0.6607232093811035},"rotation":{"x":0.22980619966983796,"y":0.1683449000120163,"z":-0.04039482772350311,"w":0.9577147364616394},"size":7.48663854598999,"orthographic":true}